area,location,gear_type,lat,lon
Gold Coast,Sheraton Mirage,Drum Line,-27.96145,153.43598333333333
Gold Coast,Sheraton Mirage,Drum Line,-27.9634,153.43566666666666
Gold Coast,Sheraton Mirage,Drum Line,-27.964566666666666,153.43568333333334
Gold Coast,Sheraton Mirage,Drum Line,-27.966116666666668,153.43575
Gold Coast,Sheraton Mirage,Drum Line,-27.966783333333332,153.43621666666667
Gold Coast,Main Beach,Net,-27.9739,153.43588333333332
Gold Coast,Narrowneck Beach,Drum Line,-27.9918,153.43681666666666
Gold Coast,Narrowneck Beach,Drum Line,-27.992816666666666,153.43696666666668
Gold Coast,Staghorn Avenue,Drum Line,-27.9943,153.43698333333333
Gold Coast,Staghorn Avenue,Drum Line,-27.99625,153.4373
Gold Coast,Elkhorn Avenue,Drum Line,-27.9982,153.43765
Gold Coast,Elkhorn Avenue,Drum Line,-27.999033333333333,153.43783333333334
Gold Coast,Surfers Paradise,Net,-28.000833333333333,153.4383
Gold Coast,Northcliffe Beach,Drum Line,-28.00985,153.43831666666668
Gold Coast,Northcliffe Beach,Drum Line,-28.011133333333333,153.43871666666666
Gold Coast,Northcliffe Beach,Drum Line,-28.012833333333333,153.43913333333333
Gold Coast,Broadbeach,Drum Line,-28.019933333333334,153.44068333333334
Gold Coast,Broadbeach,Drum Line,-28.021816666666666,153.44105
Gold Coast,Kurrawa Beach,Net,-28.024833333333333,153.44166666666666
Gold Coast,Mermaid Beach,Net,-28.03933333333333,153.44493333333332
Gold Coast,Nobby's Beach,Drum Line,-28.0564,153.4487
Gold Coast,Nobby's Beach,Drum Line,-28.05795,153.44886666666667
Gold Coast,Miami Beach,Net,-28.06535,153.452
Gold Coast,North Burleigh,Drum Line,-28.071916666666667,153.45351666666667
Gold Coast,North Burleigh,Drum Line,-28.072966666666666,153.45405
Gold Coast,Burleigh Beach,Net,-28.08095,153.45945
Gold Coast,Tallebudgera Beach,Net,-28.096783333333335,153.47038333333333
Gold Coast,Palm Beach,Drum Line,-28.11465,153.47885
Gold Coast,Palm Beach,Drum Line,-28.11616666666667,153.47986666666668
Gold Coast,Currumbin Beach,Net,-28.128066666666665,153.49396666666667
Gold Coast,Tugun Beach,Drum Line,-28.13746666666667,153.49988333333334
Gold Coast,Tugun Beach,Drum Line,-28.136783333333334,153.50118333333333
Gold Coast,Tugun Beach,Drum Line,-28.140333333333334,153.50143333333332
Gold Coast,Bilinga Beach,Net,-28.150716666666668,153.5106
Gold Coast,North Kirra Beach,Drum Line,-28.159016666666666,153.53213333333332
Gold Coast,North Kirra Beach,Drum Line,-28.15898333333333,153.53158333333334
Gold Coast,Kirra Beach,Net,-28.158283333333333,153.53441666666666
Gold Coast,Coolangatta Beach,Net,-28.159666666666666,153.53766666666667
Gold Coast,Rainbow Bay,Drum Line,-28.15795,153.54278333333335
Gold Coast,Rainbow Bay,Drum Line,-28.15855,153.54413333333332
Gold Coast,Rainbow Bay,Drum Line,-28.158716666666667,153.54525
Gold Coast,Rainbow Bay,Drum Line,-28.1587,153.54641666666666
Gold Coast,Rainbow Bay,Drum Line,-28.15875,153.54778333333334
Gold Coast,Rainbow Bay,Drum Line,-28.1588,153.54886666666667
Gold Coast,Rainbow Bay,Drum Line,-28.15875,153.54976666666667
Gold Coast,Rainbow Bay,Drum Line,-28.159116666666666,153.55038333333334
Nth Stradbroke Island,Amity Point,Drum Line,-27.406905,153.434871666667
Nth Stradbroke Island,Amity Point,Drum Line,-27.4051266666667,153.435566666667
Nth Stradbroke Island,Amity Point,Drum Line,-27.4017983333333,153.436495
Nth Stradbroke Island,Amity Point,Drum Line,-27.3918033333333,153.43938
Nth Stradbroke Island,Amity Point,Drum Line,-27.3908083333333,153.440396666667
Nth Stradbroke Island,Amity Point,Drum Line,-27.3904133333333,153.441033333333
Nth Stradbroke Island,Amity Point,Drum Line,-27.3886133333333,153.442568333333
Nth Stradbroke Island,Amity Point,Drum Line,-27.387605,153.44379
Nth Stradbroke Island,Flinders Beach,Drum Line,-27.387605,153.491333333333
Nth Stradbroke Island,Flinders Beach,Drum Line,-27.387605,153.494333333333
Nth Stradbroke Island,Flinders Beach,Drum Line,-27.387605,153.498166666667
Nth Stradbroke Island,Cylinder Beach,Drum Line,-27.387605,153.51077
Nth Stradbroke Island,Cylinder Beach,Drum Line,-27.387605,153.514725
Nth Stradbroke Island,Cylinder Beach,Drum Line,-27.387605,153.518485
Nth Stradbroke Island,Cylinder Beach,Drum Line,-27.387605,153.523615
Nth Stradbroke Island,Cylinder Beach,Drum Line,-27.387605,153.523615
Nth Stradbroke Island,Cylinder Beach,Drum Line,-27.387605,153.525868333333
Nth Stradbroke Island,Cylinder Beach,Drum Line,-27.387605,153.527331666667
Nth Stradbroke Island,Cylinder Beach,Drum Line,-27.387605,153.53061
Nth Stradbroke Island,Cylinder Beach,Drum Line,-27.387605,153.533308333333
Nth Stradbroke Island,Cylinder Beach,Drum Line,-27.387605,153.535733333333
Nth Stradbroke Island,Cylinder Beach,Drum Line,-27.387605,153.536895
Nth Stradbroke Island,Cylinder Beach,Drum Line,-27.387605,153.538913333333
Nth Stradbroke Island,Ocean Beach,Drum Line,-27.387605,153.548986666667
Nth Stradbroke Island,Ocean Beach,Drum Line,-27.387605,153.548101666667
Nth Stradbroke Island,Ocean Beach,Drum Line,-27.387605,153.547491666667
Nth Stradbroke Island,Ocean Beach,Drum Line,-27.387605,153.546793333333
Nth Stradbroke Island,Ocean Beach,Drum Line,-27.387605,153.546113333333
Nth Stradbroke Island,Ocean Beach,Drum Line,-27.387605,153.545285
Nth Stradbroke Island,Ocean Beach,Drum Line,-27.387605,153.544378333333
Nth Stradbroke Island,Ocean Beach,Drum Line,-27.387605,153.543348333333
Nth Stradbroke Island,Ocean Beach,Drum Line,-27.387605,153.542611666667
Nth Stradbroke Island,Ocean Beach,Drum Line,-27.387605,153.54134
Nth Stradbroke Island,Ocean Beach,Drum Line,-27.387605,153.540263333333
Nth Stradbroke Island,Ocean Beach,Drum Line,-27.387605,153.53937
Sunshine Coast,Noosa,Net,-26.380016666666666,153.09286666666668
Sunshine Coast,Noosa,Net,-26.379883333333332,153.09403333333333
Sunshine Coast,Noosa,Drum Line,-26.370533333333334,153.10825
Sunshine Coast,Noosa,Drum Line,-26.3701,153.10921666666667
Sunshine Coast,Noosa,Drum Line,-26.369883333333334,153.10996666666668
Sunshine Coast,Sunshine Beach,Drum Line,-26.40525,153.11776666666665
Sunshine Coast,Sunshine Beach,Drum Line,-26.407216666666667,153.11723333333333
Sunshine Coast,Sunshine Beach,Drum Line,-26.408416666666668,153.11738333333332
Sunshine Coast,Sunrise Beach,Drum Line,-26.417383333333333,153.11641666666668
Sunshine Coast,Sunrise Beach,Drum Line,-26.418433333333333,153.11621666666667
Sunshine Coast,Sunrise Beach,Drum Line,-26.4193,153.11593333333334
Sunshine Coast,North Peregian Beach,Drum Line,-26.432366666666667,153.11318333333332
Sunshine Coast,North Peregian Beach,Drum Line,-26.43385,153.11248333333333
Sunshine Coast,North Peregian Beach,Drum Line,-26.434433333333335,153.11238333333333
Sunshine Coast,Glen Eden Beach,Drum Line,-26.470433333333332,153.1054
Sunshine Coast,Glen Eden Beach,Drum Line,-26.471233333333334,153.10538333333332
Sunshine Coast,Glen Eden Beach,Drum Line,-26.4726,153.1051
Sunshine Coast,Peregian Beach,Drum Line,-26.481183333333334,153.10376666666667
Sunshine Coast,Peregian Beach,Drum Line,-26.482,153.10361666666665
Sunshine Coast,Peregian Beach,Drum Line,-26.48255,153.10341666666667
Sunshine Coast,Coolum Beach,Net,-26.529783333333334,153.09866666666667
Sunshine Coast,Yaroomba Beach,Drum Line,-26.5536,153.10476666666668
Sunshine Coast,Yaroomba Beach,Drum Line,-26.554583333333333,153.10495
Sunshine Coast,Yaroomba Beach,Drum Line,-26.55535,153.10478333333333
Sunshine Coast,Yaroomba Beach,Drum Line,-26.556033333333332,153.10468333333333
Sunshine Coast,Hyatt Resort,Drum Line,-26.55741666666667,153.10476666666668
Sunshine Coast,Hyatt Resort,Drum Line,-26.558683333333335,153.10455
Sunshine Coast,Hyatt Resort,Drum Line,-26.55965,153.1045
Sunshine Coast,Hyatt Resort,Drum Line,-26.560216666666665,153.10463333333334
Sunshine Coast,Marcoola Beach,Net,-26.582483333333332,153.10253333333333
Sunshine Coast,Surfair Resort,Drum Line,-26.600466666666666,153.10253333333333
Sunshine Coast,Surfair Resort,Drum Line,-26.601,153.1026
Sunshine Coast,Surfair Resort,Drum Line,-26.6017,153.1028
Sunshine Coast,Surfair Resort,Drum Line,-26.60235,153.10286666666667
Sunshine Coast,Mudjimba Beach,Drum Line,-26.611516666666667,153.10476666666668
Sunshine Coast,Mudjimba Beach,Drum Line,-26.611716666666666,153.10548333333332
Sunshine Coast,Mudjimba Beach,Drum Line,-26.61245,153.10558333333333
Sunshine Coast,Mudjimba Beach,Drum Line,-26.613316666666666,153.10583333333332
Sunshine Coast,Twin Waters Resort,Drum Line,-26.6296,153.10501666666667
Sunshine Coast,Twin Waters Resort,Drum Line,-26.63045,153.10523333333333
Sunshine Coast,Twin Waters Resort,Drum Line,-26.630916666666668,153.10543333333334
Sunshine Coast,Twin Waters Resort,Drum Line,-26.631783333333335,153.1056
Sunshine Coast,Maroochydore,Net,-26.65285,153.11093333333332
Sunshine Coast,Maroochydore,Net,-26.6602,153.11193333333333
Sunshine Coast,Alexandra Headland,Net,-26.666033333333335,153.11443333333332
Sunshine Coast,Alexandra Headland,Net,-26.669166666666666,153.11716666666666
Sunshine Coast,Mooloolaba,Net,-26.6791,153.12515
Sunshine Coast,Point Cartwright,Drum Line,-26.682183333333334,153.14221666666666
Sunshine Coast,Point Cartwright,Drum Line,-26.6829,153.14188333333334
Sunshine Coast,Point Cartwright,Drum Line,-26.68335,153.14191666666667
Sunshine Coast,Buddina Beach,Drum Line,-26.7018,153.14001666666667
Sunshine Coast,Buddina Beach,Drum Line,-26.702983333333332,153.13986666666668
Sunshine Coast,Buddina Beach,Drum Line,-26.703616666666665,153.13978333333333
Sunshine Coast,Buddina Beach,Drum Line,-26.703983333333333,153.13971666666666
Sunshine Coast,Buddina Beach,Drum Line,-26.70545,153.13961666666665
Sunshine Coast,Buddina Beach,Drum Line,-26.706,153.13968333333332
Sunshine Coast,Wurtulla Beach,Net,-26.746166666666667,153.14203333333333
Sunshine Coast,Currimundi Beach,Drum Line,-26.764733333333332,153.14045
Sunshine Coast,Currimundi Beach,Drum Line,-26.76565,153.14071666666666
Sunshine Coast,Currimundi Beach,Drum Line,-26.7668,153.14113333333333
Sunshine Coast,Currimundi Beach,Drum Line,-26.767383333333335,153.14116666666666
Sunshine Coast,Moffat Beach,Drum Line,-26.785183333333332,153.1516
Sunshine Coast,Moffat Beach,Drum Line,-26.786216666666668,153.15168333333332
Sunshine Coast,Moffat Beach,Drum Line,-26.786733333333334,153.15173333333334
Sunshine Coast,Caloundra Beach,Net,-26.806916666666666,153.14691666666667
Sunshine Coast,Caloundra Beach,Drum Line,-26.808483333333335,153.15018333333333
Sunshine Coast,Caloundra Beach,Drum Line,-26.80838333333333,153.14898333333332
Sunshine Coast,Caloundra Beach,Drum Line,-26.808733333333333,153.1481
Sunshine Coast,Caloundra Beach,Drum Line,-26.808816666666665,153.14718333333334
Sunshine Coast,Caloundra Beach,Drum Line,-26.8091,153.14643333333333
Sunshine Coast,Caloundra Beach,Drum Line,-26.80925,153.14563333333334
Sunshine Coast,Woorim (Bribie Island),Drum Line,-27.059383333333333,153.20995
Sunshine Coast,Woorim (Bribie Island),Drum Line,-27.060216666666665,153.21015
Sunshine Coast,Woorim (Bribie Island),Drum Line,-27.061066666666665,153.21036666666666
Sunshine Coast,Woorim (Bribie Island),Drum Line,-27.06201666666667,153.21053333333333
Sunshine Coast,Woorim (Bribie Island),Drum Line,-27.0629,153.21068333333332
Sunshine Coast,Woorim (Bribie Island),Drum Line,-27.063983333333333,153.21078333333332
Sunshine Coast,Woorim (Bribie Island),Drum Line,-27.064583333333335,153.21123333333333
Sunshine Coast,Woorim (Bribie Island),Drum Line,-27.065366666666666,153.21093333333334
Sunshine Coast,Woorim (Bribie Island),Drum Line,-27.06605,153.21131666666668
Sunshine Coast,Woorim (Bribie Island),Drum Line,-27.0668,153.21131666666668
Sunshine Coast,Woorim (Bribie Island),Drum Line,-27.06725,153.21131666666668
Sunshine Coast,Woorim (Bribie Island),Drum Line,-27.06825,153.21151666666665
Sunshine Coast,Woorim (Bribie Island),Drum Line,-27.0692,153.21175
Sunshine Coast,Woorim (Bribie Island),Drum Line,-27.069983333333333,153.2118
Sunshine Coast,Woorim (Bribie Island),Drum Line,-27.070716666666666,153.21218333333334
Sunshine Coast,Woorim (Bribie Island),Drum Line,-27.071933333333334,153.2126
Sunshine Coast,Woorim (Bribie Island),Drum Line,-27.073016666666668,153.21273333333335
Sunshine Coast,Woorim (Bribie Island),Drum Line,-27.07375,153.21286666666666
Rainbow Beach,Rainbow Beach,Net,-25.893666666666668,153.09383333333332
Rainbow Beach,Rainbow Beach,Net,-25.89625,153.0955
Rainbow Beach,Rainbow Beach,Net,-25.898683333333334,153.09698333333333
Rainbow Beach,Rainbow Beach,Drum Line,-25.891566666666666,153.09456666666668
Rainbow Beach,Rainbow Beach,Drum Line,-25.89145,153.09536666666668
Rainbow Beach,Rainbow Beach,Drum Line,-25.892,153.09623333333334
Rainbow Beach,Rainbow Beach,Drum Line,-25.89285,153.11388333333332
Rainbow Beach,Rainbow Beach,Drum Line,-25.893916666666666,153.09796666666668
Rainbow Beach,Rainbow Beach,Drum Line,-25.894816666666667,153.09845
Rainbow Beach,Rainbow Beach,Drum Line,-25.895733333333332,153.09908333333334
Rainbow Beach,Rainbow Beach,Drum Line,-25.8967,153.09995
Rainbow Beach,Rainbow Beach,Drum Line,-25.897616666666668,153.10036666666667
Rainbow Beach,Rainbow Beach,Drum Line,-25.898116666666667,153.10066666666665
Rainbow Beach,Rainbow Beach,Drum Line,-25.899433333333334,153.10086666666666
Rainbow Beach,Rainbow Beach,Drum Line,-25.899933333333333,153.10023333333334
Woongarra Coast,Oak Beach,Drum Line,-24.769133333333333,152.42108333333334
Woongarra Coast,Oak Beach,Drum Line,-24.7698,152.42145
Woongarra Coast,Neilson Park,Drum Line,-24.799633333333333,152.46013333333335
Woongarra Coast,Neilson Park,Drum Line,-24.800833333333333,152.46156666666667
Woongarra Coast,Neilson Park,Drum Line,-24.802366666666668,152.46283333333332
Woongarra Coast,Neilson Park,Drum Line,-24.803533333333334,152.46371666666667
Woongarra Coast,Neilson Park,Drum Line,-24.80525,152.46493333333333
Woongarra Coast,Neilson Park,Drum Line,-24.807133333333333,152.4658
Woongarra Coast,Bargara Beach,Drum Line,-24.80885,152.46636666666666
Woongarra Coast,Bargara Beach,Drum Line,-24.810716666666668,152.46695
Woongarra Coast,Bargara Beach,Drum Line,-24.8126,152.46741666666668
Woongarra Coast,Kellys Beach,Drum Line,-24.817483333333332,152.47195
Woongarra Coast,Kellys Beach,Drum Line,-24.81875,152.47228333333334
Woongarra Coast,Kellys Beach,Drum Line,-24.819866666666666,152.47223333333332
Woongarra Coast,Kellys Beach,Drum Line,-24.82105,152.47213333333335
Woongarra Coast,Kellys Beach,Drum Line,-24.822366666666667,152.4719
Woongarra Coast,Kellys Beach,Drum Line,-24.823616666666666,152.47153333333333
Woongarra Coast,Kellys Beach,Drum Line,-24.82505,152.47131666666667
Woongarra Coast,Kellys Beach,Drum Line,-24.826383333333332,152.47106666666667
Woongarra Coast,Kellys Beach,Drum Line,-24.82775,152.47056666666666
Tannum Sands,Tannum Sands,Drum Line,-23.934616666666667,151.3722
Tannum Sands,Tannum Sands,Drum Line,-23.935266666666667,151.3727
Tannum Sands,Tannum Sands,Drum Line,-23.936016666666667,151.37336666666667
Tannum Sands,Tannum Sands,Drum Line,-23.936766666666667,151.3738
Tannum Sands,Tannum Sands,Drum Line,-23.937666666666665,151.37436666666667
Tannum Sands,Tannum Sands,Drum Line,-23.938716666666668,151.37526666666668
Tannum Sands,Tannum Sands,Drum Line,-23.93945,151.376
Tannum Sands,Tannum Sands,Drum Line,-23.940516666666667,151.37671666666665
Tannum Sands,Tannum Sands,Drum Line,-23.941216666666666,151.37726666666666
Tannum Sands,Tannum Sands,Drum Line,-23.942116666666667,151.37806666666665
Tannum Sands,Tannum Sands,Drum Line,-23.94305,151.3788
Tannum Sands,Tannum Sands,Drum Line,-23.944033333333334,151.37968333333333
Capricorn Coast,Farnborough Beach,Drum Line,-23.114016666666668,150.75405
Capricorn Coast,Farnborough Beach,Drum Line,-23.115633333333335,150.75386666666665
Capricorn Coast,Farnborough Beach,Drum Line,-23.117316666666667,150.75368333333333
Capricorn Coast,Farnborough Beach,Drum Line,-23.1123,150.75425
Capricorn Coast,Farnborough Beach,Drum Line,-23.120916666666666,150.75333333333333
Capricorn Coast,Yeppoon Beach,Drum Line,-23.1264,150.75483333333332
Capricorn Coast,Yeppoon Beach,Drum Line,-23.127316666666665,150.75465
Capricorn Coast,Yeppoon Beach,Drum Line,-23.12825,150.7545
Capricorn Coast,Yeppoon Beach,Drum Line,-23.129083333333334,150.7545
Capricorn Coast,Yeppoon Beach,Drum Line,-23.13008333333333,150.75465
Capricorn Coast,Cooee Bay,Drum Line,-23.137666666666668,150.76181666666668
Capricorn Coast,Cooee Bay,Drum Line,-23.1382,150.76215
Capricorn Coast,Cooee Bay,Drum Line,-23.139416666666666,150.76278333333335
Capricorn Coast,Cooee Bay,Drum Line,-23.139966666666666,150.76323333333335
Capricorn Coast,Cooee Bay,Drum Line,-23.140433333333334,150.76358333333334
Capricorn Coast,Lammermoor Beach,Drum Line,-23.147483333333334,150.76971666666665
Capricorn Coast,Lammermoor Beach,Drum Line,-23.149266666666666,150.77048333333335
Capricorn Coast,Lammermoor Beach,Drum Line,-23.151133333333334,150.7714
Capricorn Coast,Lammermoor Beach,Drum Line,-23.152633333333334,150.7722
Capricorn Coast,Lammermoor Beach,Drum Line,-23.155266666666666,150.77123333333333
Capricorn Coast,Lammermoor Beach,Drum Line,-23.15625,150.77205
Capricorn Coast,Lammermoor Beach,Drum Line,-23.157233333333334,150.77313333333333
Capricorn Coast,Lammermoor Beach,Drum Line,-23.15805,150.77458333333334
Capricorn Coast,Lammermoor Beach,Drum Line,-23.158666666666665,150.77616666666665
Capricorn Coast,Lammermoor Beach,Drum Line,-23.159466666666667,150.77781666666667
Capricorn Coast,Lammermoor Beach,Drum Line,-23.160083333333333,150.77953333333335
Capricorn Coast,Kemp Beach,Drum Line,-23.16655,150.79428333333334
Capricorn Coast,Kemp Beach,Drum Line,-23.168683333333334,150.79408333333333
Capricorn Coast,Kemp Beach,Drum Line,-23.170333333333332,150.79426666666666
Capricorn Coast,Kemp Beach,Drum Line,-23.1721,150.79466666666667
Capricorn Coast,Kemp Beach,Drum Line,-23.173783333333333,150.79505
Capricorn Coast,Kemp Beach,Drum Line,-23.17575,150.79596666666666
Capricorn Coast,Mullambin Beach,Drum Line,-23.186866666666667,150.79886666666667
Capricorn Coast,Mullambin Beach,Drum Line,-23.1882,150.79881666666665
Capricorn Coast,Mullambin Beach,Drum Line,-23.18905,150.7988
Capricorn Coast,Mullambin Beach,Drum Line,-23.19025,150.79868333333334
Capricorn Coast,Mullambin Beach,Drum Line,-23.191583333333334,150.79848333333334
Capricorn Coast,Tanby Point,Drum Line,-23.22605,150.82401666666667
Capricorn Coast,Tanby Point,Drum Line,-23.224483333333332,150.82396666666668
Capricorn Coast,Tanby Point,Drum Line,-23.227916666666665,150.82405
Capricorn Coast,Tanby Point,Drum Line,-23.229866666666666,150.82418333333334
Capricorn Coast,Tanby Point,Drum Line,-23.231316666666668,150.82476666666668
Capricorn Coast,Fishermans Beach,Drum Line,-23.241083333333332,150.8285
Capricorn Coast,Fishermans Beach,Drum Line,-23.242083333333333,150.8285
Capricorn Coast,Fishermans Beach,Drum Line,-23.243083333333335,150.8285
Capricorn Coast,Fishermans Beach,Drum Line,-23.24415,150.8285
Capricorn Coast,Fishermans Beach,Drum Line,-23.245283333333333,150.82835
Capricorn Coast,Emu Park,Drum Line,-23.259866666666667,150.83263333333332
Capricorn Coast,Emu Park,Drum Line,-23.261533333333333,150.83236666666667
Capricorn Coast,Emu Park,Drum Line,-23.26065,150.83253333333334
Capricorn Coast,Emu Park,Drum Line,-23.26245,150.83225
Capricorn Coast,Emu Park,Drum Line,-23.263283333333334,150.83205
Capricorn Coast,Emu Park,Drum Line,-23.264233333333333,150.83196666666666
Capricorn Coast,Emu Park,Drum Line,-23.26505,150.83185
Mackay,Bucasia Beach,Drum Line,-21.01605,149.16148333333334
Mackay,Bucasia Beach,Drum Line,-21.01803333333333,149.16238333333334
Mackay,Bucasia Beach,Drum Line,-21.019633333333335,149.16283333333334
Mackay,Bucasia Beach,Drum Line,-21.021183333333333,149.16358333333332
Mackay,Bucasia Beach,Drum Line,-21.022883333333333,149.16421666666668
Mackay,Bucasia Beach,Drum Line,-21.024616666666667,149.16501666666667
Mackay,Eimeo Beach,Drum Line,-21.030066666666666,149.17905
Mackay,Eimeo Beach,Drum Line,-21.030433333333335,149.17986666666667
Mackay,Eimeo Beach,Drum Line,-21.03076666666667,149.18068333333332
Mackay,Eimeo Beach,Drum Line,-21.031083333333335,149.18151666666665
Mackay,Eimeo Beach,Drum Line,-21.031433333333332,149.18246666666667
Mackay,Eimeo Beach,Drum Line,-21.031683333333334,149.18341666666666
Mackay,Blacks Beach,Drum Line,-21.043783333333334,149.19105
Mackay,Blacks Beach,Drum Line,-21.044383333333332,149.19151666666667
Mackay,Blacks Beach,Drum Line,-21.04475,149.19186666666667
Mackay,Blacks Beach,Drum Line,-21.045366666666666,149.19225
Mackay,Blacks Beach,Drum Line,-21.046383333333335,149.19286666666667
Mackay,Blacks Beach,Drum Line,-21.0471,149.19295
Mackay,Lamberts Beach,Drum Line,-21.070316666666667,149.2314
Mackay,Lamberts Beach,Drum Line,-21.07125,149.23138333333333
Mackay,Lamberts Beach,Drum Line,-21.072283333333335,149.23156666666668
Mackay,Lamberts Beach,Drum Line,-21.073016666666668,149.2314
Mackay,Lamberts Beach,Drum Line,-21.073483333333332,149.23146666666668
Mackay,Lamberts Beach,Drum Line,-21.074633333333335,149.23183333333333
Mackay,South Lamberts,Drum Line,-21.0967,149.2292
Mackay,South Lamberts,Drum Line,-21.097566666666665,149.22893333333334
Mackay,South Lamberts,Drum Line,-21.0983,149.22871666666666
Mackay,South Lamberts,Drum Line,-21.099133333333334,149.22848333333334
Mackay,South Lamberts,Drum Line,-21.09975,149.22841666666667
Mackay,South Lamberts,Drum Line,-21.10025,149.22815
Mackay,South Lamberts,Drum Line,-21.093733333333333,149.22981666666666
Mackay,South Lamberts,Drum Line,-21.094783333333332,149.2296
Mackay,South Lamberts,Drum Line,-21.0958,149.22936666666666
Mackay,Harbour Beach,Net ,-21.117816666666666,149.22708333333333
Mackay,Harbour Beach,Net ,-21.120283333333333,149.22643333333335
Mackay,Harbour Beach,Drum Line,-21.117083333333333,149.22848333333334
Mackay,Harbour Beach,Drum Line,-21.117933333333333,149.22843333333333
Mackay,Harbour Beach,Drum Line,-21.11875,149.22833333333332
Mackay,Harbour Beach,Drum Line,-21.118966666666665,149.2281
Mackay,Harbour Beach,Drum Line,-21.1197,149.22798333333333
Mackay,Harbour Beach,Drum Line,-21.120416666666667,149.22765
Mackay,Harbour Beach,Drum Line,-21.120783333333332,149.22766666666666
Mackay,Harbour Beach,Drum Line,-21.12145,149.22735
Mackay,Harbour Beach,Drum Line,-21.121933333333335,149.22741666666667
Mackay,Harbour Beach,Drum Line,-21.1227,149.22661666666667
Mackay,Harbour Beach,Drum Line,-21.123666666666665,149.22633333333334
Mackay,Harbour Beach,Drum Line,-21.124616666666668,149.22598333333335
Townsville,Picnic Bay,Drum Line,-19.18275,146.83838333333333
Townsville,Picnic Bay,Drum Line,-19.183133333333334,146.83893333333333
Townsville,Picnic Bay,Drum Line,-19.182483333333334,146.844
Townsville,Picnic Bay,Drum Line,-19.183033333333334,146.84455
Townsville,Nelly Bay,Drum Line,-19.176883333333333,146.84873333333334
Townsville,Nelly Bay,Drum Line,-19.176183333333334,146.8491
Townsville,Nelly Bay,Drum Line,-19.175366666666665,146.84953333333334
Townsville,Nelly Bay,Drum Line,-19.173833333333334,146.85033333333334
Townsville,Nelly Bay,Drum Line,-19.17268333333333,146.85093333333333
Townsville,Nelly Bay,Drum Line,-19.170966666666665,146.8517
Townsville,Nelly Bay,Drum Line,-19.1696,146.85243333333332
Townsville,Alma Bay,Drum Line,-19.151866666666667,146.8744
Townsville,Alma Bay,Drum Line,-19.1507,146.87391666666667
Townsville,Alma Bay,Drum Line,-19.150316666666665,146.87388333333334
Townsville,Alma Bay,Drum Line,-19.149066666666666,146.87366666666668
Townsville,Alma Bay,Drum Line,-19.1487,146.87353333333334
Townsville,Alma Bay,Drum Line,-19.14753333333333,146.87381666666667
Townsville,Florence Bay,Drum Line,-19.125416666666666,146.88535
Townsville,Florence Bay,Drum Line,-19.124083333333335,146.88536666666667
Townsville,Florence Bay,Drum Line,-19.123283333333333,146.88531666666665
Townsville,Florence Bay,Drum Line,-19.12325,146.88548333333333
Townsville,Florence Bay,Drum Line,-19.122433333333333,146.88553333333334
Townsville,Radical Bay,Drum Line,-19.108983333333335,146.8781
Townsville,Radical Bay,Drum Line,-19.108533333333334,146.87746666666666
Townsville,Radical Bay,Drum Line,-19.108266666666665,146.87668333333335
Townsville,Radical Bay,Drum Line,-19.107766666666667,146.87601666666666
Townsville,Radical Bay,Drum Line,-19.107316666666666,146.87526666666668
Townsville,Horseshoe Bay,Drum Line,-19.105533333333334,146.85961666666665
Townsville,Horseshoe Bay,Drum Line,-19.106533333333335,146.85945
Townsville,Horseshoe Bay,Drum Line,-19.10755,146.85926666666666
Townsville,Horseshoe Bay,Drum Line,-19.10865,146.85913333333335
Townsville,Horseshoe Bay,Drum Line,-19.115016666666666,146.85585
Townsville,Horseshoe Bay,Drum Line,-19.11515,146.85423333333333
Townsville,Horseshoe Bay,Drum Line,-19.115083333333335,146.85251666666667
Townsville,Horseshoe Bay,Drum Line,-19.1149,146.8508
Townsville,Horseshoe Bay,Drum Line,-19.11445,146.84911666666667
Townsville,Horseshoe Bay,Drum Line,-19.113916666666668,146.84751666666668
Townsville,Horseshoe Bay,Drum Line,-19.11325,146.84616666666668
Townsville,Horseshoe Bay,Drum Line,-19.11245,146.8448
Townsville,Palarenda Beach,Drum Line,-19.197783333333334,146.77743333333333
Townsville,Palarenda Beach,Drum Line,-19.1989,146.77761666666666
Townsville,Palarenda Beach,Drum Line,-19.1994,146.77785
Townsville,The Strand,Drum Line,-19.236916666666666,146.80896666666666
Townsville,The Strand,Drum Line,-19.2385,146.81055
Townsville,The Strand,Drum Line,-19.239616666666667,146.81176666666667
Townsville,The Strand,Drum Line,-19.2406,146.81283333333334
Townsville,The Strand,Drum Line,-19.241883333333334,146.81421666666665
Townsville,The Strand,Drum Line,-19.24355,146.81603333333334
Townsville,The Strand,Drum Line,-19.2451,146.81761666666668
Townsville,The Strand,Drum Line,-19.246533333333332,146.8191
Townsville,The Strand,Drum Line,-19.248616666666667,146.82113333333334
Townsville,The Strand,Drum Line,-19.231466666666666,146.8024
Townsville,The Strand,Drum Line,-19.23355,146.8048
Townsville,The Strand,Drum Line,-19.235333333333333,146.807
Cairns,Ellis Beach,Drum Line,-16.719583333333333,145.64841666666666
Cairns,Ellis Beach,Drum Line,-16.720266666666667,145.64895
Cairns,Ellis Beach,Drum Line,-16.720966666666666,145.64961666666667
Cairns,Ellis Beach,Drum Line,-16.721466666666668,145.65028333333333
Cairns,Ellis Beach,Drum Line,-16.72211666666667,145.65105
Cairns,Ellis Beach,Drum Line,-16.722633333333334,145.6516
Cairns,Ellis Beach,Drum Line,-16.723266666666667,145.65216666666666
Cairns,Buchans,Drum Line,-16.725633333333334,145.66296666666668
Cairns,Buchans,Drum Line,-16.7262,145.66381666666666
Cairns,Palm Cove,Drum Line,-16.7415,145.67466666666667
Cairns,Palm Cove,Drum Line,-16.742466666666665,145.67493333333334
Cairns,Palm Cove,Drum Line,-16.743116666666666,145.6751
Cairns,Palm Cove,Drum Line,-16.743933333333334,145.67516666666666
Cairns,Palm Cove,Drum Line,-16.7449,145.6754
Cairns,Palm Cove,Drum Line,-16.745616666666667,145.67551666666665
Cairns,Palm Cove,Drum Line,-16.7467,145.67573333333334
Cairns,Palm Cove,Drum Line,-16.74738333333333,145.67586666666668
Cairns,Palm Cove,Drum Line,-16.748533333333334,145.67621666666668
Cairns,Clifton,Drum Line,-16.758566666666667,145.68145
Cairns,Clifton,Drum Line,-16.75925,145.6821
Cairns,Clifton,Drum Line,-16.759783333333335,145.68233333333333
Cairns,Clifton,Drum Line,-16.7605,145.6829
Cairns,Trinity,Drum Line,-16.77466666666667,145.69995
Cairns,Trinity,Drum Line,-16.775666666666666,145.70053333333334
Cairns,Trinity,Drum Line,-16.776716666666665,145.70095
Cairns,Trinity,Drum Line,-16.777683333333332,145.70151666666666
Cairns,Trinity,Drum Line,-16.77855,145.70186666666666
Cairns,Trinity,Drum Line,-16.77926666666667,145.70215
Cairns,Yorkeys,Drum Line,-16.804166666666667,145.73016666666666
Cairns,Yorkeys,Drum Line,-16.805083333333332,145.73028333333335
Cairns,Yorkeys,Drum Line,-16.805483333333335,145.7306
Cairns,Yorkeys,Drum Line,-16.806183333333333,145.73101666666668
Cairns,Yorkeys,Drum Line,-16.807,145.73158333333333
Cairns,Holloways,Drum Line,-16.829283333333333,145.74748333333332
Cairns,Holloways,Drum Line,-16.830183333333334,145.74776666666668
Cairns,Holloways,Drum Line,-16.830916666666667,145.74798333333334
Cairns,Holloways,Drum Line,-16.831566666666667,145.74835
Cairns,Holloways,Drum Line,-16.8321,145.7487
