model,method,test_sightings,auc,caught,false_alarm
tiger,Real conditions (upper bound),224,0.9775680309048034,0.9821428571428571,0.07211120764552563
tiger,Outlook 7 days ahead,224,0.9663791966612884,0.8928571428571429,0.07797567332754127
tiger,Outlook 14 days ahead,224,0.9703906540896114,0.9151785714285714,0.07688966116420504
tiger,Outlook 30 days ahead,224,0.9729553881717762,0.9464285714285714,0.0762380538662033
tiger,Outlook 60 days ahead,224,0.9787490691324314,0.9866071428571429,0.078627280625543
tiger,Outlook 90 days ahead,224,0.9795955768276033,0.9955357142857143,0.07819287576020852
tiger,Typical conditions (months/years ahead),224,0.9810878738984734,0.9910714285714286,0.07819287576020852
tiger,Place + season only (baseline),224,0.9629601976542137,0.9776785714285714,0.08992180712423979
bull,Real conditions (upper bound),200,0.9751574717636838,0.985,0.10642919200695047
bull,Outlook 7 days ahead,200,0.9715665725456126,0.99,0.09339704604691572
bull,Outlook 14 days ahead,200,0.9711685490877497,0.99,0.09622067767158993
bull,Outlook 30 days ahead,200,0.9733025629887054,0.99,0.09708948740225891
bull,Outlook 60 days ahead,200,0.9758557775847091,0.99,0.09578627280625543
bull,Outlook 90 days ahead,200,0.9768923761946133,0.99,0.09665508253692441
bull,Typical conditions (months/years ahead),200,0.9773381841876629,0.995,0.09643788010425716
bull,Place + season only (baseline),200,0.9657759556907038,0.99,0.11924413553431798
white,Real conditions (upper bound),23,0.9336777093642579,0.9130434782608695,0.19005212858384013
white,Outlook 7 days ahead,23,0.9177936010274619,0.8260869565217391,0.20286707211120764
white,Outlook 14 days ahead,23,0.9150738488271069,0.8695652173913043,0.21198957428323198
white,Outlook 30 days ahead,23,0.926755562270993,0.9130434782608695,0.21220677671589921
white,Outlook 60 days ahead,23,0.9309012956597288,0.8695652173913043,0.21720243266724587
white,Outlook 90 days ahead,23,0.922260416273184,0.9130434782608695,0.21698523023457864
white,Typical conditions (months/years ahead),23,0.9250462735617422,0.9130434782608695,0.21850564726324934
white,Place + season only (baseline),23,0.8515279718958939,0.8260869565217391,0.4261511728931364
any,Real conditions (upper bound),4476,0.9413277561416462,0.9539767649687221,0.1681146828844483
any,Outlook 7 days ahead,4476,0.941392489842535,0.9340929401251117,0.12619461337966986
any,Outlook 14 days ahead,4476,0.9433235825163493,0.9425826630920465,0.1292354474370113
any,Outlook 30 days ahead,4476,0.9467836813230753,0.9457104557640751,0.13075586446568202
any,Outlook 60 days ahead,4476,0.9476674855916564,0.9519660411081322,0.13770634231103387
any,Outlook 90 days ahead,4476,0.9491968071436501,0.9524128686327078,0.13900955690703737
any,Typical conditions (months/years ahead),4476,0.9491383818244071,0.9528596961572833,0.13814074717636837
any,Place + season only (baseline),4476,0.9373746573092987,0.9226988382484361,0.10425716768027801
