species,model,spatial_auc,spatial_auc_std,spatial_pr_auc,spatial_tss,future_auc,n_presences,selected
Galeocerdo cuvier (tiger) - seasonal,GLM,0.8064715518404885,0.07621233773113259,0.2503165799485806,0.6287993242550152,0.9320941805262505,1504,False
Galeocerdo cuvier (tiger) - seasonal,RandomForest,0.8510555708729559,0.06474638073742513,0.5086789248146334,0.732447101363014,0.9827411334864093,1504,False
Galeocerdo cuvier (tiger) - seasonal,LightGBM,0.8771023964609317,0.029329436281063364,0.535432970604859,0.7439198306331816,0.9806738317612015,1504,True
Carcharhinus leucas (bull) - seasonal,GLM,0.8426438350347644,0.1105022078691996,0.3234816881184832,0.6278614761209538,0.9207053649000869,1363,False
Carcharhinus leucas (bull) - seasonal,RandomForest,0.9325682908265833,0.038260760769193776,0.5974265595113177,0.8383019073166826,0.9798571894005214,1363,False
Carcharhinus leucas (bull) - seasonal,LightGBM,0.936089563074019,0.03320122370341023,0.5892673444324106,0.8232955948059375,0.9765741746307558,1363,True
Carcharodon carcharias (white) - seasonal,GLM,0.7216601264733248,0.05572296560391202,0.07846309948775607,0.48898224781270666,0.8757602085143353,778,False
Carcharodon carcharias (white) - seasonal,RandomForest,0.7455848936217997,0.13548692021505807,0.12271502199355702,0.2586679639738668,0.9326105843689797,778,False
Carcharodon carcharias (white) - seasonal,LightGBM,0.8177981851196243,0.08673840002223307,0.31118499154676316,0.5950418546821106,0.9219487780002267,778,True
All sharks - seasonal,GLM,0.8020582278886718,0.017591251835248338,0.7647785891867991,0.4531135253004676,0.8149927327443439,16540,False
All sharks - seasonal,RandomForest,0.9030752099301484,0.016061897111671095,0.8763562082122542,0.7012822263199483,0.9515993300304588,16540,False
All sharks - seasonal,LightGBM,0.9039776549636077,0.013752643181748406,0.8757563736053129,0.6975364475267674,0.9492187894273852,16540,True
